WKT,id,name,alt_name,latitude,longitude
"POINT (99.4416449 2.1539266)",12.0,SUMATERA UTARA,SUMATERA UTARA,2.1539266,99.4416449
"POINT (100.526538 -0.8809069)",13.0,SUMATERA BARAT,SUMATERA BARAT,-0.8809069,100.526538
"POINT (101.5915251 0.2944222)",14.0,RIAU,RIAU,0.2944222,101.5915251
"POINT (102.5709605 -1.5072365)",15.0,JAMBI,JAMBI,-1.5072365,102.5709605
"POINT (103.8348763 -3.2692948)",16.0,SUMATERA SELATAN,SUMATERA SELATAN,-3.2692948,103.8348763
"POINT (102.497535 -3.6667131)",17.0,BENGKULU,BENGKULU,-3.6667131,102.497535
"POINT (105.2689845 -5.3534445)",18.0,LAMPUNG,LAMPUNG,-5.3534445,105.2689845
"POINT (106.5127725 -2.8126198)",19.0,KEPULAUAN BANGKA BELITUNG,KEPULAUAN BANGKA BELITUNG,-2.8126198,106.5127725
"POINT (104.58037 -0.15478)",21.0,KEPULAUAN RIAU,KEPULAUAN RIAU,-0.15478,104.58037
"POINT (96.7781026 4.6423492)",11.0,ACEH,ACEH,4.6423492,96.7781026
